feature,importance
span_cc_mm,39.01339647086103
D_final_mm,28.862712590871823
b_mm,12.60072643804665
Ast_prov_mm2,11.346622120623897
fck_MPa,5.275674137607762
pt_prov_percent,1.825540724621696
leff_mm,0.8280652522364373
phi_main_mm,0.09786495251693496
d_final_mm,0.07327130143803284
cover_mm,0.027297540491683432
ADL_kNm,0.015688280053093608
LL_kNm,0.011823449403684929
n_bars,0.008813529308359594
bar_spacing_mm,0.006382706186163242
fy_MPa,0.006102669214070029
phi_stirrup_mm,1.7836518690593897e-05
